{
  "Total" : {
    "transaction" : "Total",
    "sampleCount" : 250,
    "errorCount" : 0,
    "errorPct" : 0.0,
    "meanResTime" : 100.78800000000003,
    "medianResTime" : 87.0,
    "minResTime" : 69.0,
    "maxResTime" : 251.0,
    "pct1ResTime" : 153.0,
    "pct2ResTime" : 164.45,
    "pct3ResTime" : 229.0700000000004,
    "throughput" : 24.843486037960847,
    "receivedKBytesPerSec" : 169.29088927258272,
    "sentKBytesPerSec" : 3.299525489416675
  },
  "API Usuarios" : {
    "transaction" : "API Usuarios",
    "sampleCount" : 250,
    "errorCount" : 0,
    "errorPct" : 0.0,
    "meanResTime" : 100.78800000000003,
    "medianResTime" : 87.0,
    "minResTime" : 69.0,
    "maxResTime" : 251.0,
    "pct1ResTime" : 153.0,
    "pct2ResTime" : 164.45,
    "pct3ResTime" : 229.0700000000004,
    "throughput" : 24.843486037960847,
    "receivedKBytesPerSec" : 169.29088927258272,
    "sentKBytesPerSec" : 3.299525489416675
  }
}